"ligand","receptor","interaction_type","Receptor_Risk_Z","Max_Neuronal_Expression","Prioritization_Score"
"OSM","LIFR","Inflammatory/Survival",0.20386,0.630761732620244,0.759348819432207
"TGFB1","TGFBR3","Anti-inflammatory/Fibrotic",1.2322,0.203909581024331,0.455166966762512
"ENTPD1","ADORA1","Purinergic",-0.88651,0.294164172203947,0.294164172203947
"TNFRSF1B","TNFRSF1A","Inflammatory",1.1598,0.0780945107276339,0.168668524269544
"TGFB1","TGFBR1","Anti-inflammatory/Fibrotic",0.20031,0.130442010975661,0.156570850194196
"IL17A","IL17RC","Inflammatory",-1.4788,0.103232059162499,0.103232059162499
"IL17A","IL17RA","Inflammatory",0,0.0911012922275034,0.0911012922275034
"CD38","CD38","Purinergic",1.3999,0.0226614189022152,0.0543851392234263
"CD38","CD38","Purinergic",1.3999,0.0226614189022152,0.0543851392234263
"TGFB1","TGFBR2","Anti-inflammatory/Fibrotic",-0.60068,0.0453832956982692,0.0453832956982692
"OSM","OSMR","Inflammatory/Survival",-1.6385,0.0308807441702052,0.0308807441702052
"HAVCR2","LGALS9","Immune checkpoint",-1.2233,0.0272331161170703,0.0272331161170703
"LAG3","CD86","Immune checkpoint",-1.2285,0.0245319735029943,0.0245319735029943
"CD40LG","CD40","Co-stimulation",-0.191,0.0163471542971407,0.0163471542971407
"IL2RA","IL2RB","Cytokine",-0.88474,0.00827867031046738,0.00827867031046738
"CD70","CD27","Co-stimulation",0.098339,0.0061418439673432,0.00674582676124776
